mode,cycle,warmup,idle_rss_mib,active_rss_mib,idle_fds,idle_http_connections,idle_threads,idle_dma_buf_fds,arena_mib,allocated_mib,malloc_mapped_mib,free_chunks_mib,anonymous_mib,active_allocated_mib,active_malloc_mapped_mib,idle_gpu_mib,active_gpu_mib
NVIDIA NVENC,0,true,521.57,971.961,92,2,34,0,,,,,,,,,
NVIDIA NVENC,1,true,525.875,975.164,92,2,34,0,,,,,,,,,
NVIDIA NVENC,2,true,602.0,1052.18,92,2,34,0,,,,,,,,,
NVIDIA NVENC,3,true,608.559,1056.484,92,2,34,0,,,,,,,,,
NVIDIA NVENC,4,true,614.047,1065.199,92,2,34,0,,,,,,,,,
NVIDIA NVENC,5,true,615.824,1063.289,92,2,34,0,,,,,,,,,
NVIDIA NVENC,6,true,616.023,1063.949,92,2,34,0,,,,,,,,,
NVIDIA NVENC,7,true,616.023,1063.949,92,2,34,0,,,,,,,,,
NVIDIA NVENC,8,true,616.031,1065.34,92,2,34,0,,,,,,,,,
NVIDIA NVENC,9,true,616.031,1065.34,92,2,34,0,,,,,,,,,
NVIDIA NVENC,10,false,616.031,1065.801,92,2,34,0,,,,,,,,,
NVIDIA NVENC,11,false,616.914,1069.449,92,2,34,0,,,,,,,,,
NVIDIA NVENC,12,false,618.973,1066.898,92,2,34,0,,,,,,,,,
NVIDIA NVENC,13,false,619.387,1068.234,92,2,34,0,,,,,,,,,
NVIDIA NVENC,14,false,619.387,1067.773,92,2,34,0,,,,,,,,,
NVIDIA NVENC,15,false,619.387,1064.086,92,2,34,0,,,,,,,,,
NVIDIA NVENC,16,false,619.387,1069.617,92,2,34,0,,,,,,,,,
NVIDIA NVENC,17,false,619.387,1068.695,92,2,34,0,,,,,,,,,
NVIDIA NVENC,18,false,619.387,1066.852,92,2,34,0,,,,,,,,,
NVIDIA NVENC,19,false,619.387,1068.695,92,2,34,0,,,,,,,,,
NVIDIA NVENC,20,false,619.387,1067.312,92,2,34,0,,,,,,,,,
NVIDIA NVENC,21,false,619.387,1067.312,92,2,34,0,,,,,,,,,
NVIDIA NVENC,22,false,619.387,1068.695,92,2,34,0,,,,,,,,,
NVIDIA NVENC,23,false,619.387,1072.383,92,2,34,0,,,,,,,,,
NVIDIA NVENC,24,false,619.387,1071.461,92,2,34,0,,,,,,,,,
NVIDIA NVENC,25,false,619.387,1065.008,92,2,34,0,,,,,,,,,
NVIDIA NVENC,26,false,621.371,1067.453,92,2,34,0,,,,,,,,,
NVIDIA NVENC,27,false,621.375,1068.84,92,2,34,0,,,,,,,,,
NVIDIA NVENC,28,false,621.375,1068.84,92,2,34,0,,,,,,,,,
NVIDIA NVENC,29,false,621.375,1070.223,92,2,34,0,,,,,,,,,
NVIDIA NVENC,30,false,621.375,1070.684,92,2,34,0,,,,,,,,,
NVIDIA NVENC,31,false,621.375,1069.301,92,2,34,0,,,,,,,,,
NVIDIA NVENC,32,false,622.289,1071.137,92,2,34,0,,,,,,,,,
NVIDIA NVENC,33,false,622.289,1071.137,92,2,34,0,,,,,,,,,
NVIDIA NVENC,34,false,622.289,1071.137,92,2,34,0,,,,,,,,,
NVIDIA NVENC,35,false,622.289,1072.52,92,2,34,0,,,,,,,,,
NVIDIA NVENC,36,false,622.289,1072.059,92,2,34,0,,,,,,,,,
NVIDIA NVENC,37,false,622.723,1069.266,92,2,34,0,,,,,,,,,
NVIDIA NVENC,38,false,622.723,1072.031,92,2,34,0,,,,,,,,,
NVIDIA NVENC,39,false,622.723,1067.883,92,2,34,0,,,,,,,,,
NVIDIA NVENC with allocator observer,0,true,447.586,897.285,93,2,35,0,136.938,35.509,3.707,101.428,159.91,120.347,3.707,260,987
NVIDIA NVENC with allocator observer,1,true,451.414,900.723,93,2,35,0,140.645,35.611,3.707,105.034,163.738,120.515,3.707,260,987
NVIDIA NVENC with allocator observer,2,true,510.215,960.625,93,2,35,0,201.039,35.688,3.707,165.351,222.539,120.586,3.707,260,987
NVIDIA NVENC with allocator observer,3,true,537.016,985.387,93,2,35,0,222.387,35.753,3.707,186.634,245.34,120.637,3.707,260,987
NVIDIA NVENC with allocator observer,4,true,541.242,990.09,93,2,35,0,223.34,35.788,3.707,187.551,248.094,120.688,3.707,260,987
NVIDIA NVENC with allocator observer,5,true,544.613,994.383,93,2,35,0,226.613,35.824,3.707,190.789,251.465,120.703,3.707,260,987
NVIDIA NVENC with allocator observer,6,true,544.789,994.387,93,2,35,0,226.613,35.871,3.707,190.743,251.641,120.764,3.707,260,987
NVIDIA NVENC with allocator observer,7,true,545.93,994.777,93,2,35,0,226.613,35.907,3.707,190.706,252.781,120.823,3.707,260,987
NVIDIA NVENC with allocator observer,8,true,545.93,993.855,93,2,35,0,226.613,35.931,3.707,190.682,252.781,120.839,3.707,260,987
NVIDIA NVENC with allocator observer,9,true,545.93,994.316,93,2,35,0,226.613,35.953,3.707,190.66,252.781,120.839,3.707,260,987
NVIDIA NVENC with allocator observer,10,false,548.004,995.93,93,2,35,0,226.613,35.974,3.707,190.64,252.797,120.875,3.707,260,987
NVIDIA NVENC with allocator observer,11,false,548.004,997.773,93,2,35,0,226.613,35.985,3.707,190.628,252.797,120.88,3.707,260,987
NVIDIA NVENC with allocator observer,12,false,548.004,996.852,94,3,35,0,226.613,36.024,3.707,190.589,252.797,121.858,3.707,260,987
NVIDIA NVENC with allocator observer,13,false,548.008,997.777,94,3,35,0,226.613,36.035,3.707,190.579,252.801,120.931,3.707,260,987
NVIDIA NVENC with allocator observer,14,false,548.008,998.238,94,3,35,0,226.613,36.051,3.707,190.562,252.801,120.953,3.707,260,987
NVIDIA NVENC with allocator observer,15,false,548.008,996.855,94,3,35,0,226.613,36.062,3.707,190.552,252.801,120.955,3.707,260,987
NVIDIA NVENC with allocator observer,16,false,548.008,994.09,94,3,35,0,226.613,36.071,3.707,190.542,252.801,120.964,3.707,260,987
NVIDIA NVENC with allocator observer,17,false,548.008,1000.082,94,3,35,0,226.613,36.085,3.707,190.529,252.801,120.99,3.707,260,987
NVIDIA NVENC with allocator observer,18,false,548.289,997.137,94,3,35,0,226.895,36.107,3.707,190.788,253.082,120.998,3.707,260,987
NVIDIA NVENC with allocator observer,19,false,548.289,994.832,94,3,35,0,226.895,36.123,3.707,190.771,253.082,121.008,3.707,260,987
NVIDIA NVENC with allocator observer,20,false,548.289,997.598,94,3,35,0,226.895,36.133,3.707,190.762,253.082,121.954,3.707,260,987
NVIDIA NVENC with allocator observer,21,false,548.605,996.531,94,3,35,0,227.211,36.153,3.707,191.058,253.398,121.053,3.707,260,987
NVIDIA NVENC with allocator observer,22,false,548.605,996.531,94,3,35,0,227.211,36.168,3.707,191.043,253.398,121.062,3.707,260,987
NVIDIA NVENC with allocator observer,23,false,548.605,996.07,94,3,35,0,227.211,36.173,3.707,191.038,253.398,121.069,3.707,260,987
NVIDIA NVENC with allocator observer,24,false,548.977,995.98,94,3,35,0,227.211,36.199,3.707,191.012,253.77,121.094,3.707,260,987
NVIDIA NVENC with allocator observer,25,false,551.887,1001.656,94,3,35,0,227.211,36.213,3.707,190.998,256.68,121.103,3.707,260,987
NVIDIA NVENC with allocator observer,26,false,554.746,1002.211,94,3,35,0,227.211,36.227,3.707,190.984,256.68,121.118,3.707,260,987
NVIDIA NVENC with allocator observer,27,false,554.75,1004.516,94,3,35,0,227.211,36.234,3.707,190.977,256.684,121.124,3.707,260,987
NVIDIA NVENC with allocator observer,28,false,554.75,1003.137,94,3,35,0,227.211,36.237,3.707,190.974,256.684,121.131,3.707,260,987
NVIDIA NVENC with allocator observer,29,false,554.75,1004.059,94,3,35,0,227.211,36.249,3.707,190.962,256.684,121.149,3.707,260,987
NVIDIA NVENC with allocator observer,30,false,554.75,1002.215,94,3,35,0,227.211,36.26,3.707,190.951,256.684,121.157,3.707,260,987
NVIDIA NVENC with allocator observer,31,false,554.75,1004.059,94,3,35,0,227.211,36.276,3.707,190.935,256.684,121.144,3.707,260,987
NVIDIA NVENC with allocator observer,32,false,556.223,1003.688,93,2,35,0,228.684,36.266,3.707,192.418,258.156,121.16,3.707,260,987
NVIDIA NVENC with allocator observer,33,false,556.223,1005.992,93,2,35,0,228.684,36.276,3.707,192.407,258.156,121.17,3.707,260,987
NVIDIA NVENC with allocator observer,34,false,556.223,1004.148,93,2,35,0,228.684,36.28,3.707,192.403,258.156,121.175,3.707,260,987
NVIDIA NVENC with allocator observer,35,false,556.223,1005.07,93,2,35,0,228.684,36.286,3.707,192.397,258.156,121.206,3.707,260,987
NVIDIA NVENC with allocator observer,36,false,556.223,1004.148,93,2,35,0,228.684,36.295,3.707,192.389,258.156,121.198,3.707,260,987
NVIDIA NVENC with allocator observer,37,false,556.223,1004.609,93,2,35,0,228.684,36.301,3.707,192.383,258.156,121.203,3.707,260,987
NVIDIA NVENC with allocator observer,38,false,556.223,1001.844,93,2,35,0,228.684,36.306,3.707,192.377,258.156,121.203,3.707,260,987
NVIDIA NVENC with allocator observer,39,false,556.223,1005.992,93,2,35,0,228.684,36.31,3.707,192.374,258.156,121.21,3.707,260,987
Intel VA-API,0,true,295.824,415.891,37,2,47,1,,,,,,,,,
Intel VA-API,1,true,296.625,415.391,37,2,47,1,,,,,,,,,
Intel VA-API,2,true,297.332,415.637,37,2,47,1,,,,,,,,,
Intel VA-API,3,true,297.711,418.781,37,2,47,1,,,,,,,,,
Intel VA-API,4,true,297.746,419.277,37,2,47,1,,,,,,,,,
Intel VA-API,5,true,297.758,419.289,37,2,47,1,,,,,,,,,
Intel VA-API,6,true,297.766,414.688,37,2,47,1,,,,,,,,,
Intel VA-API,7,true,312.895,434.848,37,2,47,1,,,,,,,,,
Intel VA-API,8,true,313.59,433.738,37,2,47,1,,,,,,,,,
Intel VA-API,9,true,313.59,435.121,37,2,47,1,,,,,,,,,
Intel VA-API,10,false,313.973,432.738,37,2,47,1,,,,,,,,,
Intel VA-API,11,false,313.973,432.277,37,2,47,1,,,,,,,,,
Intel VA-API,12,false,313.973,430.895,37,2,47,1,,,,,,,,,
Intel VA-API,13,false,313.973,435.043,37,2,47,1,,,,,,,,,
Intel VA-API,14,false,313.973,434.121,38,2,47,2,,,,,,,,,
CPU only,0,true,232.746,354.164,30,2,73,0,,,,,,,,,
CPU only,1,true,252.422,349.277,30,2,73,0,,,,,,,,,
CPU only,2,true,251.988,350.871,30,2,73,0,,,,,,,,,
CPU only,3,true,254.988,368.629,30,2,73,0,,,,,,,,,
CPU only,4,true,272.742,383.297,30,2,73,0,,,,,,,,,
CPU only,5,true,283.758,383.629,30,2,73,0,,,,,,,,,
CPU only,6,true,275.605,383.746,30,2,73,0,,,,,,,,,
CPU only,7,true,275.605,382.09,30,2,73,0,,,,,,,,,
CPU only,8,true,275.625,380.305,30,2,73,0,,,,,,,,,
CPU only,9,true,275.625,380.766,30,2,73,0,,,,,,,,,
CPU only,10,false,275.625,379.305,30,2,73,0,,,,,,,,,
CPU only,11,false,275.625,378.609,30,2,73,0,,,,,,,,,
CPU only,12,false,278.375,382.727,30,2,73,0,,,,,,,,,
CPU only,13,false,275.605,379.992,30,2,73,0,,,,,,,,,
CPU only,14,false,275.625,379.789,30,2,73,0,,,,,,,,,
NVIDIA rendering with CPU encoding,0,true,295.543,383.828,53,2,32,0,,,,,,,,,
NVIDIA rendering with CPU encoding,1,true,318.219,391.785,53,2,32,0,,,,,,,,,
NVIDIA rendering with CPU encoding,2,true,280.426,393.082,53,2,32,0,,,,,,,,,
NVIDIA rendering with CPU encoding,3,true,329.023,392.055,53,2,32,0,,,,,,,,,
NVIDIA rendering with CPU encoding,4,true,280.543,396.41,53,2,32,0,,,,,,,,,
NVIDIA rendering with CPU encoding,5,true,328.973,396.379,53,2,32,0,,,,,,,,,
NVIDIA rendering with CPU encoding,6,true,298.824,393.125,53,2,32,0,,,,,,,,,
NVIDIA rendering with CPU encoding,7,true,280.59,396.637,53,2,32,0,,,,,,,,,
NVIDIA rendering with CPU encoding,8,true,280.543,396.789,53,2,32,0,,,,,,,,,
NVIDIA rendering with CPU encoding,9,true,280.523,397.312,53,2,32,0,,,,,,,,,
NVIDIA rendering with CPU encoding,10,false,303.973,396.246,54,3,32,0,,,,,,,,,
NVIDIA rendering with CPU encoding,11,false,280.523,395.852,54,3,32,0,,,,,,,,,
NVIDIA rendering with CPU encoding,12,false,296.344,394.633,54,3,32,0,,,,,,,,,
NVIDIA rendering with CPU encoding,13,false,303.855,395.992,54,3,32,0,,,,,,,,,
NVIDIA rendering with CPU encoding,14,false,281.996,395.582,54,3,32,0,,,,,,,,,
